target,model,mae,rmse,mape
total_amount,SARIMA,2773.752085276782,3220.59958894332,0.5082801305723513
total_amount,RandomForest_lag,835.6463184713846,1060.8031020645658,0.2980856202276963
total_amount,LSTM,3147.3814550031266,3522.0680514370742,0.6327478124781278
total_amount,Ensemble_mean,2149.8770575637836,2372.601776561925,0.44956319032814285
transaction_count,SARIMA,738.8308806051961,844.3175755253843,0.5480742999383926
transaction_count,RandomForest_lag,203.36552012124773,255.4219328053955,0.2831773334910931
transaction_count,LSTM,803.7565609039203,904.7430284143169,0.6418237726063829
transaction_count,Ensemble_mean,562.9030112541989,624.3975227751619,0.4653583689177741
